{
    "Name": "<Serenity quest> - Justice",
    "Style": null,
    "SubActions": [
        {
            "Name": "<goto> ",
            "Style": null,
            "SubActions": [
                {
                    "Name": "explore - zajedź do ruin obozu uchodźców",
                    "Style": "Atom",
                    "SubActions": null
                }
            ]
        },
        {
            "Name": "Choose one",
            "Style": "Hex",
            "SubActions": [
                {
                    "Name": "damage - ",
                    "Style": "Atom",
                    "SubActions": null
                },
                {
                    "Name": "none",
                    "Style": "Dashed",
                    "SubActions": null
                }
            ]
        }
    ]
}