{
    "Name": "1.\n<Deliver item for study>",
    "Style": null,
    "SubActions": [
        {
            "Name": "2.\n<get>\nmięso pająka",
            "Style": "Orange",
            "SubActions": [
                {
                    "Name": "5.\n<steal>\nmięso pająka",
                    "Style": "Green",
                    "SubActions": null
                }
            ]
        },
        {
            "Name": "3.\n<goto>\nnaukowiec",
            "Style": null,
            "SubActions": null
        },
        {
            "Name": "4.\ngive\nnaukowiec\nmięso pająka",
            "Style": "Atom",
            "SubActions": null
        }
    ]
}