{
    "Name": "<Protection quest>\nAttack threatening entities",
    "Style": null,
    "SubActions": [
        {
            "Name": "<goto>",
            "Style": null,
            "SubActions": [
                {
                    "Name": "<learn>",
                    "Style": null,
                    "SubActions": [
                        {
                            "Name": "<goto>",
                            "Style": null,
                            "SubActions": [
                                {
                                    "Name": "<learn>",
                                    "Style": "Dashed",
                                    "SubActions": [
                                        {
                                            "Name": "none",
                                            "Style": "Dashed",
                                            "SubActions": null
                                        }
                                    ]
                                },
                                {
                                    "Name": "goto\nkowal",
                                    "Style": "Atom",
                                    "SubActions": null
                                }
                            ]
                        },
                        {
                            "Name": "<subquest>",
                            "Style": null,
                            "SubActions": [
                                {
                                    "Name": "<goto>",
                                    "Style": "Dashed",
                                    "SubActions": [
                                        {
                                            "Name": "none",
                                            "Style": "Dashed",
                                            "SubActions": null
                                        }
                                    ]
                                },
                                {
                                    "Name": "<Serenity quest>\nRevenge",
                                    "Style": null,
                                    "SubActions": [
                                        {
                                            "Name": "<goto>",
                                            "Style": null,
                                            "SubActions": [
                                                {
                                                    "Name": "<learn>",
                                                    "Style": "Dashed",
                                                    "SubActions": [
                                                        {
                                                            "Name": "none",
                                                            "Style": "Dashed",
                                                            "SubActions": null
                                                        }
                                                    ]
                                                },
                                                {
                                                    "Name": "goto\nchuligani",
                                                    "Style": "Atom",
                                                    "SubActions": null
                                                }
                                            ]
                                        },
                                        {
                                            "Name": "damage\npobij chuliganów",
                                            "Style": "Atom",
                                            "SubActions": null
                                        }
                                    ]
                                },
                                {
                                    "Name": "goto\nkowal",
                                    "Style": "Atom",
                                    "SubActions": null
                                }
                            ]
                        },
                        {
                            "Name": "listen\nkowal",
                            "Style": "Atom",
                            "SubActions": null
                        }
                    ]
                },
                {
                    "Name": "goto\nobóz bandytów",
                    "Style": "Atom",
                    "SubActions": null
                }
            ]
        },
        {
            "Name": "damage\nbandyci",
            "Style": "Atom",
            "SubActions": null
        },
        {
            "Name": "<goto>",
            "Style": null,
            "SubActions": [
                {
                    "Name": "<learn>",
                    "Style": "Dashed",
                    "SubActions": [
                        {
                            "Name": "none",
                            "Style": "Dashed",
                            "SubActions": null
                        }
                    ]
                },
                {
                    "Name": "goto\nmiasto",
                    "Style": "Atom",
                    "SubActions": null
                }
            ]
        },
        {
            "Name": "report\nkupiec",
            "Style": "Atom",
            "SubActions": null
        }
    ]
}