{
    "Name": "<Deliver item for study>",
    "Style": null,
    "SubActions": [
        {
            "Name": "<get>\ngwiezdny pył",
            "Style": "Orange",
            "SubActions": [
                {
                    "Name": "<goto>\nposzukiwacz przygód",
                    "Style": "Green",
                    "SubActions": [
                        {
                            "Name": "...",
                            "Style": "Green",
                            "SubActions": null
                        }
                    ]
                },
                {
                    "Name": "<subquest>\nposzukiwacz przygód",
                    "Style": "Green",
                    "SubActions": [
                        {
                            "Name": "...",
                            "Style": "Green",
                            "SubActions": null
                        }
                    ]
                },
                {
                    "Name": "<goto>\nposzukiwacz przygód",
                    "Style": "Green",
                    "SubActions": [
                        {
                            "Name": "...",
                            "Style": "Green",
                            "SubActions": null
                        }
                    ]
                },
                {
                    "Name": "take\ngwiezdny pył",
                    "Style": "Atom",
                    "SubActions": null
                }
            ]
        },
        {
            "Name": "<goto>\nnaukowiec",
            "Style": null,
            "SubActions": null
        },
        {
            "Name": "give\nnaukowiec\ngwiezdny pył",
            "Style": "Atom",
            "SubActions": null
        }
    ]
}