{
    "Name": "<get>",
    "Style": null,
    "SubActions": [
        {
            "Name": "<goto>",
            "Style": null,
            "SubActions": [
                {
                    "Name": "...",
                    "Style": null,
                    "SubActions": null
                }
            ]
        },
        {
            "Name": "<subquest>",
            "Style": null,
            "SubActions": [
                {
                    "Name": "...",
                    "Style": null,
                    "SubActions": null
                }
            ]
        },
        {
            "Name": "<goto>",
            "Style": null,
            "SubActions": [
                {
                    "Name": "...",
                    "Style": null,
                    "SubActions": null
                }
            ]
        },
        {
            "Name": "take",
            "Style": "Atom",
            "SubActions": null
        }
    ]
}