﻿{
  "Name": "akcja 1.",
  "Style": null,
  "SubActions": [
    {
      "Name": "Or",
      "Style": "OrangeHex",
      "SubActions": [
        {
          "Name": "akcja 2.a.",
          "Style": null,
          "SubActions": [
            {
              "Name": "...",
              "Style": null,
              "SubActions": null
            }
          ]
        },
        {
          "Name": "akcja 2.b.",
          "Style": null,
          "SubActions": [
            {
              "Name": "...",
              "Style": null,
              "SubActions": null
            }
          ]
        }
      ]
    },
    {
      "Name": "...",
      "Style": "Green",
      "SubActions": null
    }
  ]
}