{
    "Name": "<get many>",
    "Style": null,
    "SubActions": [
        {
            "Name": "<get>",
            "Style": null,
            "SubActions": [
                {
                    "Name": "...",
                    "Style": null,
                    "SubActions": null
                }
            ]
        },
        {
            "Name": "<get>",
            "Style": null,
            "SubActions": [
                {
                    "Name": "...",
                    "Style": null,
                    "SubActions": null
                }
            ]
        }
    ]
}