{
    "Name": "<Deliver item for study>",
    "Style": null,
    "SubActions": [
        {
            "Name": "<get>\ngwiezdny pył",
            "Style": null,
            "SubActions": [
                {
                    "Name": "<goto>\nposzukiwacz przygód",
                    "Style": null,
                    "SubActions": [
                        {
                            "Name": "...",
                            "Style": null,
                            "SubActions": null
                        }
                    ]
                },
                {
                    "Name": "<subquest>\nposzukiwacz przygód",
                    "Style": "Green",
                    "SubActions": [
                        {
                            "Name": "<Serenity quest>\nRevenge",
                            "Style": null,
                            "SubActions": [
                                {
                                    "Name": "<goto>\nnaukowiec",
                                    "Style": null,
                                    "SubActions": [
                                        {
                                            "Name": "...",
                                            "Style": null,
                                            "SubActions": null
                                        }
                                    ]
                                },
                                {
                                    "Name": "damage\nbandyta",
                                    "Style": "Orange",
                                    "SubActions": null
                                }
                            ]
                        }
                    ]
                },
                {
                    "Name": "<goto>\nposzukiwacz przygód",
                    "Style": null,
                    "SubActions": [
                        {
                            "Name": "...",
                            "Style": null,
                            "SubActions": null
                        }
                    ]
                },
                {
                    "Name": "take\ngwiezdny pył",
                    "Style": "Atom",
                    "SubActions": null
                }
            ]
        },
        {
            "Name": "<goto>\nnaukowiec",
            "Style": null,
            "SubActions": [
                {
                    "Name": "...",
                    "Style": null,
                    "SubActions": null
                }
            ]
        },
        {
            "Name": "give\nnaukowiec\ngwiezdny pył",
            "Style": "Orange",
            "SubActions": null
        }
    ]
}