{
    "Name": "<Protection quest>\nGuard Entity",
    "Style": null,
    "SubActions": [
        {
            "Name": "<goto>\ntroll Borys",
            "Style": null,
            "SubActions": [
                {
                    "Name": "explore\nokolice karczmy",
                    "Style": "Atom",
                    "SubActions": null
                }
            ]
        },
        {
            "Name": "defend\nobroń trolla Borysa przed nekkerami",
            "Style": "Atom",
            "SubActions": null
        }
    ]
}