{
    "Name": "<Equipment>\nTrade for supplies",
    "Style": null,
    "SubActions": [
        {
            "Name": "<Goto>\nhandlarz",
            "Style": null,
            "SubActions": [
                {
                    "Name": "explore\nokolice przeprawy przez Pontar",
                    "Style": "Atom",
                    "SubActions": null
                }
            ]
        },
        {
            "Name": "exchange\nzłoto za glejt",
            "Style": "Atom",
            "SubActions": null
        }
    ]
}