{
    "Name": "<Protection quest>\nGuard Entity",
    "Style": null,
    "SubActions": [
        {
            "Name": "<goto>\nJan Verdun",
            "Style": null,
            "SubActions": [
                {
                    "Name": "explore\nprzemierzaj okolice jeziora",
                    "Style": "Atom",
                    "SubActions": null
                }
            ]
        },
        {
            "Name": "defend\nobroń Jana Verduna przed utopcami",
            "Style": "Atom",
            "SubActions": null
        }
    ]
}