{
    "Name": "<Serenity quest>\nJustice",
    "Style": null,
    "SubActions": [
        {
            "Name": "<goto>\nJan Verdun",
            "Style": null,
            "SubActions": [
                {
                    "Name": "explore\nzajedź do ruin obozu uchodźców",
                    "Style": "Atom",
                    "SubActions": null
                }
            ]
        },
        {
            "Name": "Choose one",
            "Style": "Hex",
            "SubActions": [
                {
                    "Name": "damage\nbandyci z Janem Verdunem na czele",
                    "Style": "Atom",
                    "SubActions": null
                },
                {
                    "Name": "none\nrozstańcie się w pokoju",
                    "Style": "Dashed",
                    "SubActions": null
                }
            ]
        }
    ]
}