{
    "Name": "<Protection quest>\nGuard Entity",
    "Style": null,
    "SubActions": [
        {
            "Name": "<goto>\ndzieci",
            "Style": null,
            "SubActions": [
                {
                    "Name": "explore\nnatknij się na chatkę przy drodze",
                    "Style": "Atom",
                    "SubActions": null
                }
            ]
        },
        {
            "Name": "defend\nobroń dzieci przed zdziczałym psem",
            "Style": "Atom",
            "SubActions": null
        }
    ]
}