{
    "Name": "<Serenity quest>\nJustice",
    "Style": null,
    "SubActions": [
        {
            "Name": "<goto>\nbandyci napadający mężczyznę na trakcie",
            "Style": null,
            "SubActions": [
                {
                    "Name": "explore\nprzemierzaj trakt",
                    "Style": "Atom",
                    "SubActions": null
                }
            ]
        },
        {
            "Name": "damage\nbandyci z mężczyzną udającego poszkodowanego",
            "Style": "Atom",
            "SubActions": null
        }
    ]
}