{
    "Name": "<Protection quest>\nGuard Entity",
    "Style": null,
    "SubActions": [
        {
            "Name": "<goto>\nMężczyzna transportujący zwłoki ofiar zarazy",
            "Style": null,
            "SubActions": [
                {
                    "Name": "explore\ntrakt",
                    "Style": "Atom",
                    "SubActions": null
                }
            ]
        },
        {
            "Name": "defend\nObroń mężczyznę przed ghulem",
            "Style": "Atom",
            "SubActions": null
        }
    ]
}