{
    "Name": "<Serenity quest>\nJustice",
    "Style": null,
    "SubActions": [
        {
            "Name": "<goto>\nSzabrownicy okradający ciała",
            "Style": null,
            "SubActions": [
                {
                    "Name": "explore\ntrakt z Wrzosowej do Karczmy na Rozstajach",
                    "Style": "Atom",
                    "SubActions": null
                }
            ]
        },
        {
            "Name": "Choose one",
            "Style": "Hex",
            "SubActions": [
                {
                    "Name": "damage\nzabij szabrowników",
                    "Style": "Atom",
                    "SubActions": null
                },
                {
                    "Name": "none",
                    "Style": "Dashed",
                    "SubActions": null
                }
            ]
        }
    ]
}