{
    "Name": "<Serenity quest>\nJustice",
    "Style": null,
    "SubActions": [
        {
            "Name": "<goto>\nBandyci kłócący się o podział łupów",
            "Style": null,
            "SubActions": [
                {
                    "Name": "explore\nwieś Toderas",
                    "Style": "Atom",
                    "SubActions": null
                }
            ]
        },
        {
            "Name": "Choose one",
            "Style": "Hex",
            "SubActions": [
                {
                    "Name": "damage\nzabij bandytów",
                    "Style": "Atom",
                    "SubActions": null
                },
                {
                    "Name": "none\nnie wtrącaj się",
                    "Style": "Dashed",
                    "SubActions": null
                }
            ]
        }
    ]
}