{
    "Name": "<Protection quest>\nDefend entity",
    "Style": null,
    "SubActions": [
        {
            "Name": "<goto>\nSzabrownicy w kamieniołomie",
            "Style": null,
            "SubActions": [
                {
                    "Name": "explore\nkamieniołom",
                    "Style": "Atom",
                    "SubActions": null
                }
            ]
        },
        {
            "Name": "defend\nObroń szabrowników przed alghulami",
            "Style": "Atom",
            "SubActions": null
        }
    ]
}