{
    "Name": "<Knowledge quest>\nDeliver item for study",
    "Style": null,
    "SubActions": [
        {
            "Name": "<get>\nsmoczy korzeń",
            "Style": null,
            "SubActions": [
                {
                    "Name": "<Goto>\nSmoczy korzeń",
                    "Style": null,
                    "SubActions": [
                        {
                            "Name": "<Learn>",
                            "Style": "Dashed",
                            "SubActions": [
                                {
                                    "Name": "none\nwróżbita powiedział nam gdzie jest smoczy korzeń",
                                    "Style": "Dashed",
                                    "SubActions": null
                                }
                            ]
                        },
                        {
                            "Name": "goto\njaskinia",
                            "Style": "Atom",
                            "SubActions": null
                        }
                    ]
                },
                {
                    "Name": "gather\nsmoczy korzeń",
                    "Style": "Atom",
                    "SubActions": null
                }
            ]
        },
        {
            "Name": "<goto>\nwróżbita",
            "Style": null,
            "SubActions": [
                {
                    "Name": "<Learn>",
                    "Style": "Dashed",
                    "SubActions": [
                        {
                            "Name": "none\nwróżbita jest dalej w swojej chatce",
                            "Style": "Dashed",
                            "SubActions": null
                        }
                    ]
                },
                {
                    "Name": "goto\nchatka wróżbity",
                    "Style": "Atom",
                    "SubActions": null
                }
            ]
        }
    ]
}