{
    "Name": "<Protection quest>\nGuard Entity (obroń się)",
    "Style": null,
    "SubActions": [
        {
            "Name": "<goto>\ntrzecie miejsce spotkania z Ronvidem",
            "Style": null,
            "SubActions": [
                {
                    "Name": "<learn>",
                    "Style": null,
                    "SubActions": [
                        {
                            "Name": "<goto>\npierwsze miejsce spotkania z Ronvidem",
                            "Style": null,
                            "SubActions": [
                                {
                                    "Name": "<Learn>",
                                    "Style": null,
                                    "SubActions": [
                                        {
                                            "Name": "<Protection subquest>\nGuard Entity (obroń się)",
                                            "Style": null,
                                            "SubActions": [
                                                {
                                                    "Name": "<goto>\nRonvid",
                                                    "Style": null,
                                                    "SubActions": [
                                                        {
                                                            "Name": "explore\ntrakt przy Wrońcach",
                                                            "Style": "Atom",
                                                            "SubActions": null
                                                        }
                                                    ]
                                                },
                                                {
                                                    "Name": "defend\nObroń się przed Ronvidem",
                                                    "Style": "Atom",
                                                    "SubActions": null
                                                }
                                            ]
                                        },
                                        {
                                            "Name": "listen\nWysłuchaj Ronvida",
                                            "Style": "Atom",
                                            "SubActions": null
                                        }
                                    ]
                                },
                                {
                                    "Name": "goto\nkarczma",
                                    "Style": "Atom",
                                    "SubActions": null
                                }
                            ]
                        },
                        {
                            "Name": "<Protection subquest>\nGuard Entity (obroń się)",
                            "Style": null,
                            "SubActions": [
                                {
                                    "Name": "<goto>\ndrugie miejsce spotkania z Ronvidem",
                                    "Style": null,
                                    "SubActions": [
                                        {
                                            "Name": "explore\ndroga do karczmy",
                                            "Style": "Atom",
                                            "SubActions": null
                                        }
                                    ]
                                },
                                {
                                    "Name": "defend\nObroń się przed Ronvidem",
                                    "Style": "Atom",
                                    "SubActions": null
                                }
                            ]
                        },
                        {
                            "Name": "listen\nWysłuchaj Ronvida",
                            "Style": "Atom",
                            "SubActions": null
                        }
                    ]
                },
                {
                    "Name": "goto\nNovigrad",
                    "Style": "Atom",
                    "SubActions": null
                }
            ]
        },
        {
            "Name": "defend\nObroń się przed Ronvidem i zbójami",
            "Style": "Atom",
            "SubActions": null
        }
    ]
  }