{
    "Name": "<Serenity quest>\nRevenge",
    "Style": null,
    "SubActions": [
        {
            "Name": "<goto>\npies",
            "Style": null,
            "SubActions": [
                {
                    "Name": "<learn>",
                    "Style": null,
                    "SubActions": [
                        {
                            "Name": "<goto>",
                            "Style": "Dashed",
                            "SubActions": [
                                {
                                    "Name": "none",
                                    "Style": "Dashed",
                                    "SubActions": null
                                }
                            ]
                        },
                        {
                            "Name": "<Protection subquest>\nGuard Entity",
                            "Style": null,
                            "SubActions": [
                                {
                                    "Name": "<goto>\nspotkaj psa zaatakowanego przez wilki",
                                    "Style": null,
                                    "SubActions": [
                                        {
                                            "Name": "explore\nokolice wsi Rab",
                                            "Style": "Atom",
                                            "SubActions": null
                                        }
                                    ]
                                },
                                {
                                    "Name": "defend\nobroń psa przed wilkiem",
                                    "Style": "Atom",
                                    "SubActions": null
                                }
                            ]
                        }
                    ]
                },
                {
                    "Name": "goto\npodążaj za psem do opuszczonego domu",
                    "Style": "Atom",
                    "SubActions": null
                }
            ]
        },
        {
            "Name": "damage\nbandyci",
            "Style": "Atom",
            "SubActions": null
        }
    ]
  }