{
    "Name": "<Knowledge quest>\nInterview NPC",
    "Style": null,
    "SubActions": [
        {
            "Name": "<goto>\nMałgosia",
            "Style": null,
            "SubActions": [
                {
                    "Name": "<learn>",
                    "Style": null,
                    "SubActions": [
                        {
                            "Name": "<goto>",
                            "Style": null,
                            "SubActions": [
                                {
                                    "Name": "<learn>\ngdzie jest pokój Ciri",
                                    "Style": null,
                                    "SubActions": [
                                        {
                                            "Name": "<goto>\nKrwawy Baron",
                                            "Style": null,
                                            "SubActions": [
                                                {
                                                    "Name": "<learn>",
                                                    "Style": "Dashed",
                                                    "SubActions": [
                                                        {
                                                            "Name": "none",
                                                            "Style": "Dashed",
                                                            "SubActions": null
                                                        }
                                                    ]
                                                },
                                                {
                                                    "Name": "goto Krwawy Baron",
                                                    "Style": "Atom",
                                                    "SubActions": null
                                                }
                                            ]
                                        },
                                        {
                                            "Name": "<subquest>",
                                            "Style": "Dashed",
                                            "SubActions": [
                                                {
                                                    "Name": "none",
                                                    "Style": "Dashed",
                                                    "SubActions": null
                                                }
                                            ]
                                        },
                                        {
                                            "Name": "listen\nKrwawy Baron opowiada o wizycie Ciri",
                                            "Style": "Atom",
                                            "SubActions": null
                                        }
                                    ]
                                },
                                {
                                    "Name": "goto\npokój Ciri",
                                    "Style": "Atom",
                                    "SubActions": null
                                }
                            ]
                        },
                        {
                            "Name": "get\n'Niejasna natura klątw' i bączek",
                            "Style": "Atom",
                            "SubActions": null
                        },
                        {
                            "Name": "read\ndowiedz się, że Małgosia bawiła się w pokoju Ciri",
                            "Style": "Atom",
                            "SubActions": null
                        }
                    ]
                }
            ]
        },
        {
            "Name": "listen\nwysłuchaj Małgosi",
            "Style": "Atom",
            "SubActions": null
        },
        {
            "Name": "<goto>",
            "Style": "Dashed",
            "SubActions": [
                {
                    "Name": "none",
                    "Style": "Dashed",
                    "SubActions": null
                }
            ]
        },
        {
            "Name": "report (sobie)",
            "Style": "Dashed",
            "SubActions": null
        }
    ]
}