{
    "Name": "<Serenity quest>\nrecover lost item",
    "Style": null,
    "SubActions": [
        {
            "Name": "<get>\nzdobądź magiczny kaganek",
            "Style": null,
            "SubActions": [
                {
                    "Name": "<goto>\nmagiczny kaganek",
                    "Style": null,
                    "SubActions": [
                        {
                            "Name": "<learn>\ngdzie jest kaganek",
                            "Style": null,
                            "SubActions": [
                                {
                                    "Name": "<goto>\npomieszczenie z posągami",
                                    "Style": null,
                                    "SubActions": [
                                        {
                                            "Name": "<learn>",
                                            "Style": "Dashed",
                                            "SubActions": [
                                                {
                                                    "Name": "none",
                                                    "Style": "Dashed",
                                                    "SubActions": null
                                                }
                                            ]
                                        },
                                        {
                                            "Name": "goto\npodążaj za Keirą",
                                            "Style": "Atom",
                                            "SubActions": null
                                        }
                                    ]
                                },
                                {
                                    "Name": "<Ability subquest>\nuse existing tools",
                                    "Style": null,
                                    "SubActions": [
                                        {
                                            "Name": "use\nrozwiąż zagadkę z posągami i otwórz bramę",
                                            "Style": "Atom",
                                            "SubActions": null
                                        }
                                    ]
                                },
                                {
                                    "Name": "listen\nKeira",
                                    "Style": "Atom",
                                    "SubActions": null
                                }
                            ]
                        },
                        {
                            "Name": "goto\nwejdź do sali z kagankiem",
                            "Style": "Atom",
                            "SubActions": null
                        }
                    ]
                },
                {
                    "Name": "gather\nweź magiczny kaganek",
                    "Style": "Atom",
                    "SubActions": null
                }
            ]
        },
        {
            "Name": "<goto>",
            "Style": null,
            "SubActions": [
                {
                    "Name": "<learn>",
                    "Style": "Dashed",
                    "SubActions": [
                        {
                            "Name": "none",
                            "Style": "Dashed",
                            "SubActions": null
                        }
                    ]
                },
                {
                    "Name": "goto\npodążaj za Keirą do wyjścia",
                    "Style": "Atom",
                    "SubActions": null
                }
            ]
        },
        {
            "Name": "give\noddaj kaganek Keirze",
            "Style": "Atom",
            "SubActions": null
        }
    ]
  }