{
    "Name": "<Serenity quest>\nrecover lost item",
    "Style": null,
    "SubActions": [
      {
        "Name": "<get>\nskładniki",
        "Style": null,
        "SubActions": [
          {
            "Name": "<goto>\nskładniki",
            "Style": null,
            "SubActions": [
              {
                "Name": "<learn>\ngdzie są składniki",
                "Style": null,
                "SubActions": [
                  {
                    "Name": "<goto>\nmiejsce zasadzki",
                    "Style": null,
                    "SubActions": [
                      {
                        "Name": "explore\nmiejsce o którym powiedziała Keira",
                        "Style": "Atom",
                        "SubActions": null
                      }
                    ]
                  },
                  {
                    "Name": "<get>\nślady",
                    "Style": "Dashed",
                    "SubActions": [
                      {
                        "Name": "none",
                        "Style": "Dashed",
                        "SubActions": null
                      }
                    ]
                  },
                  {
                    "Name": "<get>\nread\nsprawdź miejsce zasadzki (znajdź trop)",
                    "Style": "Atom",
                    "SubActions": null
                  }
                ]
              },
              {
                "Name": "goto\nidź za śladami do składników",
                "Style": "Atom",
                "SubActions": null
              }
            ]
          },
          {
            "Name": "gather składniki",
            "Style": "Atom",
            "SubActions": null
          }
        ]
      },
      {
        "Name": "<goto>\nKeira",
        "Style": null,
        "SubActions": [
            {
                "Name": "<learn>",
                "Style": "Dashed",
                "SubActions": [
                    {
                        "Name": "none",
                        "Style": "Dashed",
                        "SubActions": null
                    }
                ]
            },
            {
                "Name": "goto\nwróć do Keiry",
                "Style": "Atom",
                "SubActions": null
            }
        ]
      }
    ]
  }