{
    "Name": "<Protection quest>\nAttack threatening entities",
    "Style": null,
    "SubActions": [
        {
            "Name": "<goto>\njaskinia pod wzgórzem",
            "Style": null,
            "SubActions": [
                {
                    "Name": "explore\nokolice szepczącego wzgórza",
                    "Style": "Atom",
                    "SubActions": null
                }
            ]
        },
        {
            "Name": "Choose one",
            "Style": "Hex",
            "SubActions": [
                {
                    "Name": "damage\nDuch Zaklęty w Drzewie",
                    "Style": "Atom",
                    "SubActions": null
                },
                {
                    "Name": "<Protection quest>\ntreat",
                    "Style": "Rectangle",
                    "SubActions": [
                        {
                            "Name": "<get_many>\nkrucze pióro,\nszczątki,\nkoń",
                            "Style": null,
                            "SubActions": [
                                {
                                    "Name": "<get>\nkrucze pióro",
                                    "Style": null,
                                    "SubActions": [
                                        {
                                            "Name": "<steal>\nkrucze pióro",
                                            "Style": null,
                                            "SubActions": [
                                                {
                                                    "Name": "<goto>",
                                                    "Style": null,
                                                    "SubActions": [
                                                        {
                                                            "Name": "<learn>",
                                                            "Style": "Dashed",
                                                            "SubActions": [
                                                                {
                                                                    "Name": "none",
                                                                    "Style": "Dashed",
                                                                    "SubActions": null
                                                                }
                                                            ]
                                                        },
                                                        {
                                                            "Name": "goto\ngniazdo",
                                                            "Style": "Atom",
                                                            "SubActions": null
                                                        }
                                                    ]
                                                },
                                                {
                                                    "Name": "<kill>\nharpie",
                                                    "Style": null,
                                                    "SubActions": [
                                                        {
                                                            "Name": "<goto>",
                                                            "Style": "Dashed",
                                                            "SubActions": [
                                                                {
                                                                    "Name": "none",
                                                                    "Style": "Dashed",
                                                                    "SubActions": null
                                                                }
                                                            ]
                                                        },
                                                        {
                                                            "Name": "kill\nharpie",
                                                            "Style": "Atom",
                                                            "SubActions": null
                                                        }
                                                    ]
                                                },
                                                {
                                                    "Name": "take\nkrucze pióro",
                                                    "Style": "Atom",
                                                    "SubActions": null
                                                }
                                            ]
                                        }
                                    ]
                                },
                                {
                                    "Name": "<get>\nszczątki kobiety",
                                    "Style": null,
                                    "SubActions": [
                                        {
                                            "Name": "<steal>\nszczątki kobiety",
                                            "Style": null,
                                            "SubActions": [
                                                {
                                                    "Name": "<goto>\nbagno",
                                                    "Style": null,
                                                    "SubActions": [
                                                        {
                                                            "Name": "<learn>",
                                                            "Style": "Dashed",
                                                            "SubActions": [
                                                                {
                                                                    "Name": "none",
                                                                    "Style": "Dashed",
                                                                    "SubActions": null
                                                                }
                                                            ]
                                                        },
                                                        {
                                                            "Name": "goto\nbagno",
                                                            "Style": "Atom",
                                                            "SubActions": null
                                                        }
                                                    ]
                                                },
                                                {
                                                    "Name": "<kill>\nbaba wodna",
                                                    "Style": null,
                                                    "SubActions": [
                                                        {
                                                            "Name": "<goto>",
                                                            "Style": "Dashed",
                                                            "SubActions": [
                                                                {
                                                                    "Name": "none",
                                                                    "Style": "Dashed",
                                                                    "SubActions": null
                                                                }
                                                            ]
                                                        },
                                                        {
                                                            "Name": "kill\nharpie",
                                                            "Style": "Atom",
                                                            "SubActions": null
                                                        }
                                                    ]
                                                },
                                                {
                                                    "Name": "take\nszczątki kobiety",
                                                    "Style": "Atom",
                                                    "SubActions": null
                                                }
                                            ]
                                        }
                                    ]
                                },
                                {
                                    "Name": "<get>\nkoń",
                                    "Style": null,
                                    "SubActions": [
                                        {
                                            "Name": "<Goto>\nkoń",
                                            "Style": null,
                                            "SubActions": [
                                                {
                                                    "Name": "<Learn>",
                                                    "Style": "Dashed",
                                                    "SubActions": [
                                                        {
                                                            "Name": "none",
                                                            "Style": "Dashed",
                                                            "SubActions": null
                                                        }
                                                    ]
                                                },
                                                {
                                                    "Name": "goto\npolana",
                                                    "Style": "Atom",
                                                    "SubActions": null
                                                }
                                            ]
                                        },
                                        {
                                            "Name": "gather\nkoń",
                                            "Style": "Atom",
                                            "SubActions": null
                                        }
                                    ]
                                }
                            ]
                        },
                        {
                            "Name": "<goto>\nDuch Zaklęty w Drzewie",
                            "Style": null,
                            "SubActions": [
                                {
                                    "Name": "<learn>",
                                    "Style": "Dashed",
                                    "SubActions": [
                                        {
                                            "Name": "none",
                                            "Style": "Dashed",
                                            "SubActions": null
                                        }
                                    ]
                                },
                                {
                                    "Name": "goto\njaskinia",
                                    "Style": "Atom",
                                    "SubActions": null
                                }
                            ]
                        },
                        {
                            "Name": "use\nprzeprowadź rytuał\nuwolnienia ducha",
                            "Style": "Atom",
                            "SubActions": null
                        }
                    ]
                }
            ]
        },
        {
            "Name": "<goto>\nsołtys wsi Sztygary",
            "Style": "Atom",
            "SubActions": [
                {
                    "Name": "<learn>",
                    "Style": "Dashed",
                    "SubActions": [
                        {
                            "Name": "none",
                            "Style": "Dashed",
                            "SubActions": null
                        }
                    ]
                },
                {
                    "Name": "goto\nSztygary",
                    "Style": "Atom",
                    "SubActions": null
                }
            ]
        },
        {
            "Name": "report\npowiedz sołtysowi",
            "Style": "Atom",
            "SubActions": null
        }
    ]
}