{
    "Name": "<Comfort quest>\nKill pests",
    "Style": null,
    "SubActions": [
        {
            "Name": "<goto>\nfolwark Reardonów",
            "Style": null,
            "SubActions": [
                {
                    "Name": "<learn>",
                    "Style": "Dashed",
                    "SubActions": [
                        {
                            "Name": "none\nDolores powiedziała gdzie jest folwark",
                            "Style": "Dashed",
                            "SubActions": null
                        }
                    ]
                },
                {
                    "Name": "goto folwark",
                    "Style": "Atom",
                    "SubActions": null
                }
            ]
        },
        {
            "Name": "damage\npokonaj upiory nawiedzające folwark",
            "Style": "Atom",
            "SubActions": null
        },
        {
            "Name": "<goto>\nwróć do Dolores",
            "Style": null,
            "SubActions": [
                {
                    "Name": "<learn>",
                    "Style": "Dashed",
                    "SubActions": [
                        {
                            "Name": "none\nwiemy gdzie jest Dolores",
                            "Style": "Dashed",
                            "SubActions": null
                        }
                    ]
                },
                {
                    "Name": "goto\nwieś Zalipie",
                    "Style": "Atom",
                    "SubActions": null
                }
            ]
        },
        {
            "Name": "report\nDolores",
            "Style": "Atom",
            "SubActions": null
        }
    ]
}