{
    "Name": "<Serenity quest>\nCheck on a NPC",
    "Style": null,
    "SubActions": [
        {
            "Name": "<goto> ",
            "Style": null,
            "SubActions": [
                {
                    "Name": "<goto>\nwróć do Dolores",
                    "Style": null,
                    "SubActions": [
                        {
                            "Name": "<learn>",
                            "Style": "Dashed",
                            "SubActions": [
                                {
                                    "Name": "none\nwiemy gdzie jest Keira",
                                    "Style": "Dashed",
                                    "SubActions": null
                                }
                            ]
                        },
                        {
                            "Name": "goto",
                            "Style": "Atom",
                            "SubActions": null
                        }
                    ]
                }
            ]
        },
        {
            "Name": "listen\nKeira",
            "Style": "Atom",
            "SubActions": null
        },
        {
            "Name": "<goto>",
            "Style": "Dashed",
            "SubActions": [
                {
                    "Name": "none",
                    "Style": "Dashed",
                    "SubActions": null
                }
            ]
        },
        {
            "Name": "report\nsobie",
            "Style": "Dashed",
            "SubActions": null
        }
        
    ]
}