{
    "Name": "<Protection quest>\nAttack threatening entities",
    "Style": null,
    "SubActions": [
        {
            "Name": "<goto>\nobozowisko elfów",
            "Style": null,
            "SubActions": [
                {
                    "Name": "<learn>\ngdzie jest 'potwór z lasu'",
                    "Style": null,
                    "SubActions": [
                        {
                            "Name": "<goto>\nmiejsce zasadzki",
                            "Style": null,
                            "SubActions": [
                                {
                                    "Name": "<learn>",
                                    "Style": "Dashed",
                                    "SubActions": [
                                        {
                                            "Name": "none",
                                            "Style": "Dashed",
                                            "SubActions": null
                                        }
                                    ]
                                },
                                {
                                    "Name": "goto\nidź do miejsca zasadzki",
                                    "Style": "Atom",
                                    "SubActions": null
                                }
                            ]
                        },
                        {
                            "Name": "<get>\nznajdź ślady",
                            "Style": "Dashed",
                            "SubActions": [
                                {
                                    "Name": "none",
                                    "Style": "Dashed",
                                    "SubActions": null
                                }
                            ]
                        },
                        {
                            "Name": "read\nzbadaj ślady zasadzki",
                            "Style": "Atom",
                            "SubActions": null
                        }
                    ]
                },
                {
                    "Name": "goto\nidź za śladami do obozowiska elfów",
                    "Style": "Dashed",
                    "SubActions": null
                }
            ]
        },
        {
            "Name": "Choose one",
            "Style": "Hex",
            "SubActions": [
                {
                    "Name": "damage\nelfy",
                    "Style": "Atom",
                    "SubActions": null
                },
                {
                    "Name": "none",
                    "Style": "Dashed",
                    "SubActions": null
                }
            ]
        },
        {
            "Name": "<goto>\ndowódca posterunku",
            "Style": null,
            "SubActions": [
                {
                    "Name": "<learn>",
                    "Style": "Dashed",
                    "SubActions": [
                        {
                            "Name": "none\nwiemy gdzie jest Dolores",
                            "Style": "Dashed",
                            "SubActions": null
                        }
                    ]
                },
                {
                    "Name": "goto\nposterunek przy moście",
                    "Style": "Atom",
                    "SubActions": null
                }
            ]
        },
        {
            "Name": "report\npowiedz, że zabiłeś elfy lub skłam",
            "Style": "Atom",
            "SubActions": null
        }
    ]
}