{
    "Name": "<Protection quest>\nRescue captured NPC",
    "Style": null,
    "SubActions": [
        {
            "Name": "<goto>\nsprawdź co się dzieje\nw domu wieprza i wróć",
            "Style": null,
            "SubActions": [
                {
                    "Name": "<learn>",
                    "Style": null,
                    "SubActions": [
                        {
                            "Name": "<goto>\ndom wieprza",
                            "Style": null,
                            "SubActions": [
                                {
                                    "Name": "explore\ntereny na wschód\nod wsi Sworoń",
                                    "Style": "Atom",
                                    "SubActions": null
                                }
                            ]
                        },
                        {
                            "Name": "<Protection subquest>\nAttack threatening entities",
                            "Style": null,
                            "SubActions": [
                                {
                                    "Name": "<goto>",
                                    "Style": "Dashed",
                                    "SubActions": [
                                        {
                                            "Name": "none",
                                            "Style": "Dashed",
                                            "SubActions": null
                                        }
                                    ]
                                },
                                {
                                    "Name": "damage bandyci,\nktórzy cię zaatakowali",
                                    "Style": "Atom",
                                    "SubActions": null
                                },
                                {
                                    "Name": "<goto>",
                                    "Style": "Dashed",
                                    "SubActions": [
                                        {
                                            "Name": "none",
                                            "Style": "Dashed",
                                            "SubActions": null
                                        }
                                    ]
                                },
                                {
                                    "Name": "report (sobie)",
                                    "Style": "Dashed",
                                    "SubActions": null
                                }
                            ]
                        },
                        {
                            "Name": "listen świnia\npozostawiona w świątyni",
                            "Style": "Atom",
                            "SubActions": null
                        }
                    ]
                },
                {
                    "Name": "goto\nWieś Sworoń",
                    "Style": "Atom",
                    "SubActions": null
                }
            ]
        },
        {
            "Name": "damage wilki\natakujące świnie",
            "Style": "Atom",
            "SubActions": null
        },
        {
            "Name": "escort wieśniacy\nzamienieni w świnie",
            "Style": "Atom",
            "SubActions": null
        },
        {
            "Name": "<goto>\nDom Wieprza",
            "Style": null,
            "SubActions": [
                {
                    "Name": "<learn>",
                    "Style": "Dashed",
                    "SubActions": [
                        {
                            "Name": "none\nwiemy gdzie jest Dom Wieprza",
                            "Style": "Dashed",
                            "SubActions": null
                        }
                    ]
                },
                {
                    "Name": "goto",
                    "Style": "Atom",
                    "SubActions": null
                }
            ]
        },
        {
            "Name": "report- odczaruj wieśniaków i\n porozmawiaj z nimi",
            "Style": "Atom",
            "SubActions": null
        }
    ]
}