{
    "Name": "<Protection quest>\nAttack threatening entities",
    "Style": null,
    "SubActions": [
        {
            "Name": "<goto>\nciało ojca Guślarza",
            "Style": null,
            "SubActions": [
                {
                    "Name": "<learn>",
                    "Style": null,
                    "SubActions": [
                        {
                            "Name": "goto",
                            "Style": null,
                            "SubActions": [
                                {
                                    "Name": "learn",
                                    "Style": "Dashed",
                                    "SubActions": [
                                        {
                                            "Name": "<goto>",
                                            "Style": null,
                                            "SubActions": [
                                                {
                                                    "Name": "<learn>",
                                                    "Style": "Dashed",
                                                    "SubActions": [
                                                        {
                                                            "Name": "none",
                                                            "Style": "Dashed",
                                                            "SubActions": null
                                                        }
                                                    ]
                                                },
                                                {
                                                    "Name": "goto\nkrąg na wyspie",
                                                    "Style": "Atom",
                                                    "SubActions": null
                                                }
                                            ]
                                        },
                                        {
                                            "Name": "<Protection quest>\nGuard Entity",
                                            "Style": null,
                                            "SubActions": [
                                                {
                                                    "Name": "<goto>\nmiejsce odprawiania Dziadów",
                                                    "Style": "Dashed",
                                                    "SubActions": [
                                                        {
                                                            "Name": "empty",
                                                            "Style": "Dashed",
                                                            "SubActions": null
                                                        }
                                                    ]
                                                },
                                                {
                                                    "Name": "defend\nobroń uczestników przed utopcami",
                                                    "Style": "Atom",
                                                    "SubActions": null
                                                }
                                            ]
                                        },
                                        {
                                            "Name": "listen\nguślarz",
                                            "Style": "Atom",
                                            "SubActions": null
                                        }

                                    ]
                                },
                                {
                                    "Name": "goto\nłowcy czarownic",
                                    "Style": "Atom",
                                    "SubActions": null
                                }
                            ]
                        },
                        {
                            "Name": "<Protection quest>\nAttack threatening entities Entity",
                            "Style": null,
                            "SubActions": [
                                {
                                    "Name": "<goto>\nmiejsce dziadów",
                                    "Style": "Dashed",
                                    "SubActions": [
                                        {
                                            "Name": "none\njesteś tam",
                                            "Style": "Dashed",
                                            "SubActions": null
                                        }
                                    ]
                                },
                                {
                                    "Name": "choose one",
                                    "Style": "Hex",
                                    "SubActions": [
                                        {
                                            "Name": "damage\nłowcy czarownic",
                                            "Style": "Atom",
                                            "SubActions": null
                                        },
                                        {
                                            "Name": "<Subquest>",
                                            "Style": "Rectangle",
                                            "SubActions": [
                                                {
                                                    "Name": "none",
                                                    "Style": "Dashed",
                                                    "SubActions": null
                                                }
                                            ]
                                        }
                                    ]
                                },
                                {
                                    "Name": "<goto>\nmiejsce dziadów",
                                    "Style": "Dashed",
                                    "SubActions": [
                                        {
                                            "Name": "none\njesteś tam",
                                            "Style": "Dashed",
                                            "SubActions": null
                                        }
                                    ]
                                },
                                {
                                    "Name": "report\nporozmawiaj z Guślarzem",
                                    "Style": "Atom",
                                    "SubActions": null
                                }
                            ]
                        },
                        {
                            "Name": "listen\nguślarz mówi gdzie zakopał ciało",
                            "Style": "Atom",
                            "SubActions": null
                        }
                    ]
                },
                {
                    "Name": "goto\nbagno",
                    "Style": "Atom",
                    "SubActions": null
                }
            ]
        },
        {
            "Name": "damage\nspal ciało (pokonaj ducha)",
            "Style": "Atom",
            "SubActions": null
        },
        {
            "Name": "<goto>\nGuślarz",
            "Style": null,
            "SubActions": [
                {
                    "Name": "<learn>",
                    "Style": "Dashed",
                    "SubActions": [
                        {
                            "Name": "none\nwiesz, że Guślarz jest w chacie",
                            "Style": "Dashed",
                            "SubActions": null
                        }
                    ]
                },
                {
                    "Name": "goto\nchata Guślarza",
                    "Style": "Atom",
                    "SubActions": null
                }
            ]
        },
        {
            "Name": "report\npowiedz Guślarzowi, że mu nic nie grozi",
            "Style": "Atom",
            "SubActions": null
        }
    ]
}
