{
    "Name": "<Protection quest>\nAttack threatening entities Entity",
    "Style": null,
    "SubActions": [
        {
            "Name": "<goto>\nidź do 'Wszechboga'",
            "Style": null,
            "SubActions": [
                {
                    "Name": "explore\nodszukaj piwniczkę",
                    "Style": "Atom",
                    "SubActions": null
                }
            ]
        },
        {
            "Name": "choose one",
            "Style": "Hex",
            "SubActions": [
                {
                    "Name": "damage\nzabij diaboła",
                    "Style": "Atom",
                    "SubActions": null
                },
                {
                    "Name": "none",
                    "Style": "Dashed",
                    "SubActions": null
                }
            ]
        },
        {
            "Name": "<goto>\nwróć do wieśniaków",
            "Style": null,
            "SubActions": [
                {
                    "Name": "<learn>",
                    "Style": "Dashed",
                    "SubActions": [
                        {
                            "Name": "none\nwiemy gdzie są wieśniacy",
                            "Style": "Dashed",
                            "SubActions": null
                        }
                    ]
                },
                {
                    "Name": "goto\nwieśniacy",
                    "Style": "Atom",
                    "SubActions": null
                }
            ]
        },
        {
            "Name": "report\nporozmawiaj z wieśniakami",
            "Style": "Atom",
            "SubActions": null
        }
    ]
}