{
    "Name": "<Reputation quest>\nobtain luxuries",
    "Style": null,
    "SubActions": [
        {
            "Name": "<get>\nglejt",
            "Style": null,
            "SubActions": [
                {
                    "Name": "<goto>\nKrwawy Baron",
                    "Style": null,
                    "SubActions": [
                        {
                            "Name": "<learn>",
                            "Style": "Dashed",
                            "SubActions": [
                                {
                                    "Name": "none\nwiemy gdzie jest Baron",
                                    "Style": "Dashed",
                                    "SubActions": null
                                }
                            ]
                        },
                        {
                            "Name": "goto\nBaron",
                            "Style": "Atom",
                            "SubActions": null
                        }
                    ]
                },
                {
                    "Name": "<subquest>\n'Sprawy rodzinne'",
                    "Style": "Atom",
                    "SubActions": null
                },
                {
                    "Name": "take\notrzymaj glejt w nagrodę za zadanie",
                    "Style": "Atom",
                    "SubActions": null
                }
            ]
        },
        {
            "Name": "<goto>\nstrażnik pilnujący przeprawy",
            "Style": null,
            "SubActions": [
                {
                    "Name": "<learn>",
                    "Style": "Dashed",
                    "SubActions": [
                        {
                            "Name": "none",
                            "Style": "Dashed",
                            "SubActions": null
                        }
                    ]
                },
                {
                    "Name": "goto",
                    "Style": "Atom",
                    "SubActions": null
                }
            ]
        },
        {
            "Name": "give\npokaż glejt strażnikowi",
            "Style": "Atom",
            "SubActions": null
        }
    ]
  }