{
    "Name": "<Protection quest>\nAttack threatening entities",
    "Style": null,
    "SubActions": [
        {
            "Name": "<goto>\nchłopi znęcający się nad Nilfgardczykiem",
            "Style": null,
            "SubActions": [
                {
                    "Name": "explore\npodróżuj traktem",
                    "Style": "Atom",
                    "SubActions": null
                }
            ]
        },
        {
            "Name": "Choose one",
            "Style": "Hex",
            "SubActions": [
                {
                    "Name": "damage\nchłopi znęcający się nad Nilfgardczykiem",
                    "Style": "Atom",
                    "SubActions": null
                },
                {
                    "Name": "none\nnie interweniuj",
                    "Style": "Dashed",
                    "SubActions": null
                }
            ]
        },
        {
            "Name": "<goto>",
            "Style": "Dashed",
            "SubActions": [
                {
                    "Name": "none",
                    "Style": "Dashed",
                    "SubActions": null
                }
            ]
        },
        {
            "Name": "report (sobie)",
            "Style": "Dashed",
            "SubActions": null
        }
    ]
}