{
    "Name": "<Serenity quest>\nCheck on NPC",
    "Style": null,
    "SubActions": [
        {
            "Name": "<goto>\nzaginieni żołnierze",
            "Style": null,
            "SubActions": [
                {
                    "Name": "<learn>",
                    "Style": "Dashed",
                    "SubActions": [
                        {
                            "Name": "none\nwiemy gdzie należy szukać żołnierzy",
                            "Style": "Dashed",
                            "SubActions": null
                        }
                    ]
                },
                {
                    "Name": "goto las",
                    "Style": "Atom",
                    "SubActions": null
                }
            ]
        },
        {
            "Name": "listen\nznajdź ciała",
            "Style": "Atom",
            "SubActions": null
        },
        {
            "Name": "<goto>\nwróć do kwatermistrza",
            "Style": null,
            "SubActions": [
                {
                    "Name": "<learn>",
                    "Style": "Dashed",
                    "SubActions": [
                        {
                            "Name": "none\nwiemy gdzie jest kwatermistrz",
                            "Style": "Dashed",
                            "SubActions": null
                        }
                    ]
                },
                {
                    "Name": "goto",
                    "Style": "Atom",
                    "SubActions": null
                }
            ]
        },
        {
            "Name": "report\npowiedz kwatermistrzowi o ciałach",
            "Style": "Atom",
            "SubActions": null
        }
    ]
}