{
    "Name": "<Serenity quest>\nCheck on NPC",
    "Style": null,
    "SubActions": [
        {
            "Name": "<goto>\nidź do Keiry",
            "Style": null,
            "SubActions": [
                {
                    "Name": "<learn>",
                    "Style": "Dashed",
                    "SubActions": [
                        {
                            "Name": "none\ndomyślamy się gdzie należy szukać Keiry",
                            "Style": "Dashed",
                            "SubActions": null
                        }
                    ]
                },
                {
                    "Name": "goto wieża na Kłomnicy",
                    "Style": "Atom",
                    "SubActions": null
                }
            ]
        },
        {
            "Name": "listen\nporozmawiaj z Keirą",
            "Style": "Atom",
            "SubActions": null
        },
        {
            "Name": "<goto>",
            "Style": "Dashed",
            "SubActions": [
                {
                    "Name": "none",
                    "Style": "Dashed",
                    "SubActions": null
                }
            ]
        },
        {
            "Name": "report (sobie)",
            "Style": "Dashed",
            "SubActions": null
        }
    ]
}