{
    "Name": "<Protection quest>\nAttack threatening entities",
    "Style": null,
    "SubActions": [
        {
            "Name": "<goto>",
            "Style": null,
            "SubActions": [
                {
                    "Name": "<learn>",
                    "Style": null,
                    "SubActions": [
                        {
                            "Name": "<goto>\njaskinia Skrzekacza",
                            "Style": null,
                            "SubActions": [
                                {
                                    "Name": "<learn>\ngdzie jest jaskinia Skrzekacza",
                                    "Style": null,
                                    "SubActions": [
                                        {
                                            "Name": "<goto>\nidź do miejsca ataku",
                                            "Style": null,
                                            "SubActions": [
                                                {
                                                    "Name": "<learn>",
                                                    "Style": null,
                                                    "SubActions": [
                                                        {
                                                            "Name": "<goto>\nofiara ataku",
                                                            "Style": null,
                                                            "SubActions": [
                                                                {
                                                                    "Name": "<learn>",
                                                                    "Style": "Dashed",
                                                                    "SubActions": [
                                                                        {
                                                                            "Name": "none\nzleceniodawca nam powiedział",
                                                                            "Style": "Dashed",
                                                                            "SubActions": null
                                                                        }
                                                                    ]
                                                                },
                                                                {
                                                                    "Name": "goto\nofiara ataku",
                                                                    "Style": "Atom",
                                                                    "SubActions": null
                                                                }
                                                            ]
                                                        },
                                                        {
                                                            "Name": "<subquest>",
                                                            "Style": "Dashed",
                                                            "SubActions": [
                                                                {
                                                                    "Name": "none",
                                                                    "Style": "Dashed",
                                                                    "SubActions": null
                                                                }
                                                            ]
                                                        },
                                                        {
                                                            "Name": "listen\nofiara mówi gdzie było miejsce ataku",
                                                            "Style": "Atom",
                                                            "SubActions": null
                                                        }
                                                    ]
                                                },
                                                {
                                                    "Name": "goto\nmiejsce ataku",
                                                    "Style": "Atom",
                                                    "SubActions": null
                                                }
                                            ]
                                        },
                                        {
                                            "Name": "<get>\nznajdź ślady krwi",
                                            "Style": "Dashed",
                                            "SubActions": [
                                                {
                                                    "Name": "none",
                                                    "Style": "Dashed",
                                                    "SubActions": null
                                                }
                                            ]
                                        },
                                        {
                                            "Name": "read\nwidzisz gdzie prowadzą ślady krwi potwora",
                                            "Style": "Atom",
                                            "SubActions": null
                                        }
                                    ]
                                }
                            ]
                        },
                        {
                            "Name": "<Protection subquest>\nCreate diversion",
                            "Style": null,
                            "SubActions": [
                                {
                                    "Name": "<get>\npetardy",
                                    "Style": "Dashed",
                                    "SubActions": [
                                        {
                                            "Name": "none",
                                            "Style": "Dashed",
                                            "SubActions": null
                                        }
                                    ]
                                },
                                {
                                    "Name": "<goto>",
                                    "Style": "Dashed",
                                    "SubActions": [
                                        {
                                            "Name": "none",
                                            "Style": "Dashed",
                                            "SubActions": null
                                        }
                                    ]
                                },
                                {
                                    "Name": "use\npetardy i wypłosz potwora",
                                    "Style": "Atom",
                                    "SubActions": null
                                }
                            ]
                        },
                        {
                            "Name": "listen\nwidzisz jak potwór ucieka",
                            "Style": "Atom",
                            "SubActions": null
                        }
                    ]
                },
                {
                    "Name": "goto\ndogoń potwora",
                    "Style": "Atom",
                    "SubActions": null
                }
            ]
        },
        {
            "Name": "damage\nSkrzekacz",
            "Style": "Atom",
            "SubActions": null
        },
        {
            "Name": "<goto>\nwróć do zleceniodawcy",
            "Style": null,
            "SubActions": [
                {
                    "Name": "<learn>",
                    "Style": "Dashed",
                    "SubActions": [
                        {
                            "Name": "none\nwiemy gdzie jest",
                            "Style": "Dashed",
                            "SubActions": null
                        }
                    ]
                },
                {
                    "Name": "goto",
                    "Style": "Atom",
                    "SubActions": null
                }
            ]
        },
        {
            "Name": "report",
            "Style": "Atom",
            "SubActions": null
        }
    ]
}