{
    "Name": "<Protection quest>\nGuard Entity",
    "Style": null,
    "SubActions": [
        {
            "Name": "<goto>\nAlbin Hart",
            "Style": null,
            "SubActions": [
                {
                    "Name": "explore\nokolice posterunku granicznego",
                    "Style": "Atom",
                    "SubActions": null
                }
            ]
        },
        {
            "Name": "defend\nAlbina i jego pracowników przed trupojadami",
            "Style": "Atom",
            "SubActions": null
        }
    ]
}