{
    "Name": "<Protection quest>\nRescue captured NPC",
    "Style": null,
    "SubActions": [
        {
            "Name": "<goto>\nchata wiedźm",
            "Style": null,
            "SubActions": [
                {
                    "Name": "<Learn>",
                    "Style": null,
                    "SubActions": [
                        {
                            "Name": "<goto>\nmiejsce spotkania z Baronem",
                            "Style": "Dashed",
                            "SubActions": [
                                {
                                    "Name": "<goto>\nBaron",
                                    "Style": null,
                                    "SubActions": [
                                        {
                                            "Name": "<learn>",
                                            "Style": "Dashed",
                                            "SubActions": [
                                                {
                                                    "Name": "none",
                                                    "Style": "Dashed",
                                                    "SubActions": null
                                                }
                                            ]
                                        },
                                        {
                                            "Name": "goto wieś Sztygary",
                                            "Style": "Atom",
                                            "SubActions": null
                                        }
                                    ]
                                }
                            ]
                        },
                        {
                            "Name": "<subquest>",
                            "Style": "Dashed",
                            "SubActions": [
                                {
                                    "Name": "none",
                                    "Style": "Dashed",
                                    "SubActions": null
                                }
                            ]
                        },
                        {
                            "Name": "listen\nwysłuchaj Barona",
                            "Style": "Atom",
                            "SubActions": null
                        }
                    ]
                },
                {
                    "Name": "goto\nchata wiedźm",
                    "Style": "Atom",
                    "SubActions": null
                }
            ]
        },
        {
            "Name": "damage - pokonaj potwory\nwysłane przez wiedźmy",
            "Style": "Atom",
            "SubActions": null
        },
        {
            "Name": "escort\nAnna",
            "Style": "Atom",
            "SubActions": null
        },
        {
            "Name": "<goto>",
            "Style": "Dashed",
            "SubActions": [
                {
                    "Name": "none",
                    "Style": "Dashed",
                    "SubActions": null
                }
            ]
        },
        {
            "Name": "report\nporozmawiaj z Baronem",
            "Style": "atom",
            "SubActions": null
        }
    ]
}