{
    "Name": "<Serenity quest>\nCheck on NPC",
    "Style": null,
    "SubActions": [
        {
            "Name": "<goto>\nzaginiony narzeczony",
            "Style": null,
            "SubActions": [
                {
                    "Name": "<learn>",
                    "Style": "Dashed",
                    "SubActions": [
                        {
                            "Name": "none\nwiemy gdzie należy szukać męża",
                            "Style": "Dashed",
                            "SubActions": null
                        }
                    ]
                },
                {
                    "Name": "goto las",
                    "Style": "Atom",
                    "SubActions": null
                }
            ]
        },
        {
            "Name": "listen\nznajdź ciało",
            "Style": "Atom",
            "SubActions": null
        },
        {
            "Name": "<goto>\nwróć do płaczącej kobiety",
            "Style": null,
            "SubActions": [
                {
                    "Name": "<learn>",
                    "Style": "Dashed",
                    "SubActions": [
                        {
                            "Name": "none",
                            "Style": "Dashed",
                            "SubActions": null
                        }
                    ]
                },
                {
                    "Name": "goto\nkobieta",
                    "Style": "Atom",
                    "SubActions": null
                }
            ]
        },
        {
            "Name": "report\npowiedz kobiecie o śmierci narzeczonego",
            "Style": "Atom",
            "SubActions": null
        }
    ]
}