{
    "Name": "<QUEST ROOT>",
    "Style": null,
    "SubActions": [
        {
            "Name": "<Protection quest>\nRepair (2)",
            "Style": null,
            "SubActions": [
                {
                    "Name": "<goto>\npierwsza kapliczka",
                    "Style": null,
                    "SubActions": [
                        {
                            "Name": "explore\nznajdź pierwszą kapliczkę",
                            "Style": "Atom",
                            "SubActions": null
                        }
                    ]
                },
                {
                    "Name": "repair\nnapraw pierwszą kapliczkę",
                    "Style": "Atom",
                    "SubActions": null
                }
            ]
        },
        {
            "Name": "<Protection quest>\nRepair(2)",
            "Style": null,
            "SubActions": [
                {
                    "Name": "<goto>\ndruga kapliczka",
                    "Style": null,
                    "SubActions": [
                        {
                            "Name": "explore\nznajdź drugą kapliczkę",
                            "Style": "Atom",
                            "SubActions": null
                        }
                    ]
                },
                {
                    "Name": "repair\nnapraw drugą kapliczkę",
                    "Style": "Atom",
                    "SubActions": null
                }
            ]
        },
        {
            "Name": "<Serenity quest>\nJustice",
            "Style": null,
            "SubActions": [
                {
                    "Name": "<goto>\nostatnia kapliczka",
                    "Style": null,
                    "SubActions": [
                        {
                            "Name": "learn",
                            "Style": null,
                            "SubActions": null
                        },
                        {
                            "Name": "goto\nidź do ostatniej kapliczki",
                            "Style": "Atom",
                            "SubActions": null
                        }
                    ]
                },
                {
                    "Name": "Choose one",
                    "Style": "Hex",
                    "SubActions": [
                        {
                            "Name": "damage\nzabij studentów wandali",
                            "Style": "Atom",
                            "SubActions": null
                        },
                        {
                            "Name": "none\npozwól studentom odejść",
                            "Style": "Dashed",
                            "SubActions": null
                        }
                    ]
                }
            ]
        }
    ]
}