{
    "Name": "<Serenity quest>\nCheck on NPC",
    "Style": null,
    "SubActions": [
        {
            "Name": "<goto>\nczłowiek udający wiedźmina",
            "Style": null,
            "SubActions": [
                {
                    "Name": "<learn>",
                    "Style": "Dashed",
                    "SubActions": [
                        {
                            "Name": "none\nwiemy gdzie należy szukać 'wiedźmina'",
                            "Style": "Dashed",
                            "SubActions": null
                        }
                    ]
                },
                {
                    "Name": "goto\ncmentarz",
                    "Style": "Atom",
                    "SubActions": null
                }
            ]
        },
        {
            "Name": "<Protection quest>\nGuard Entity",
            "Style": null,
            "SubActions": [
                {
                    "Name": "<goto>",
                    "Style": "Dashed",
                    "SubActions": [
                        {
                            "Name": "none",
                            "Style": "Dashed",
                            "SubActions": null
                        }
                    ]
                },
                {
                    "Name": "defend\nobroń 'wiedźmina'",
                    "Style": "Atom",
                    "SubActions": null
                }
            ]
        },
        {
            "Name": "<goto>",
            "Style": "Dashed",
            "SubActions": [
                {
                    "Name": "none",
                    "Style": "Dashed",
                    "SubActions": null
                }
            ]
        },
        {
            "Name": "report\nwydaj 'wiedźmina' lub nie",
            "Style": "Atom",
            "SubActions": null
        }
    ]
}