{
    "Name": "<Protection quest>\nAttack threatening entities",
    "Style": null,
    "SubActions": [
        {
            "Name": "<goto>\nLeśnica",
            "Style": null,
            "SubActions": [
                {
                    "Name": "<learn>\nmiejsce spotkań kochanków",
                    "Style": null,
                    "SubActions": [
                        {
                            "Name": "<goto>",
                            "Style": null,
                            "SubActions": [
                                {
                                    "Name": "<learn>",
                                    "Style": null,
                                    "SubActions": [
                                        {
                                            "Name": "<goto>",
                                            "Style": null,
                                            "SubActions": [
                                                {
                                                    "Name": "<learn>",
                                                    "Style": null,
                                                    "SubActions": [
                                                        {
                                                            "Name": "<goto>\nświadkowie ataku potwora",
                                                            "Style": null,
                                                            "SubActions": [
                                                                {
                                                                    "Name": "<learn>",
                                                                    "Style": "Dashed",
                                                                    "SubActions": [
                                                                        {
                                                                            "Name": "none\nsołtys nam powiedział",
                                                                            "Style": "Dashed",
                                                                            "SubActions": null
                                                                        }
                                                                    ]
                                                                },
                                                                {
                                                                    "Name": "goto świadkowie",
                                                                    "Style": "Atom",
                                                                    "SubActions": null
                                                                }
                                                            ]
                                                        },
                                                        {
                                                            "Name": "<subquest>",
                                                            "Style": "Dashed",
                                                            "SubActions": [
                                                                {
                                                                    "Name": "none",
                                                                    "Style": "Dashed",
                                                                    "SubActions": null
                                                                }
                                                            ]
                                                          },
                                                        {
                                                            "Name": "listen\nprzesłuchaj świadków",
                                                            "Style": "Atom",
                                                            "SubActions": null
                                                        }
                                                    ]
                                                },
                                                {
                                                    "Name": "goto\nokoliczne pole",
                                                    "Style": "Atom",
                                                    "SubActions": null
                                                }
                                            ]
                                        },
                                        {
                                            "Name": "<get>\nlist kochanka",
                                            "Style": null,
                                            "SubActions": [
                                                {
                                                    "Name": "<goto>\ngrób",
                                                    "Style": null,
                                                    "SubActions": [
                                                        {
                                                            "Name": "<learn>",
                                                            "Style": null,
                                                            "SubActions": [
                                                                {
                                                                    "Name": "<goto>",
                                                                    "Style": "Dashed",
                                                                    "SubActions": [
                                                                        {
                                                                            "Name": "none",
                                                                            "Style": "Dashed",
                                                                            "SubActions": null
                                                                        }
                                                                    ]
                                                                },
                                                                {
                                                                    "Name": "<get>\nznajdź ślady",
                                                                    "Style": "Dashed",
                                                                    "SubActions": [
                                                                        {
                                                                            "Name": "none",
                                                                            "Style": "Dashed",
                                                                            "SubActions": null
                                                                        }
                                                                    ]
                                                                },
                                                                {
                                                                    "Name": "read\nślady",
                                                                    "Style": "Atom",
                                                                    "SubActions": null
                                                                }
                                                            ]
                                                        },
                                                        {
                                                            "Name": "goto\npodążaj za śladami",
                                                            "Style": "Atom",
                                                            "SubActions": null
                                                        }
                                                    ]
                                                },
                                                {
                                                    "Name": "gather\nlist kochanka",
                                                    "Style": "Atom",
                                                    "SubActions": null
                                                }
                                            ]
                                        },
                                        {
                                            "Name": "read\nlist kochanka",
                                            "Style": "Atom",
                                            "SubActions": null
                                        }
                                    ]
                                },
                                {
                                    "Name": "goto\nsołtys",
                                    "Style": "Atom",
                                    "SubActions": null
                                }
                            ]
                        },
                        {
                            "Name": "<subquest>",
                            "Style": "Dashed",
                            "SubActions": [
                                {
                                    "Name": "none",
                                    "Style": "Dashed",
                                    "SubActions": null
                                }
                            ]
                          },
                        {
                            "Name": "listen\nsołtys",
                            "Style": "Atom",
                            "SubActions": null
                        }
                    ]
                },
                {
                    "Name": "goto\npolana",
                    "Style": "Atom",
                    "SubActions": null
                }
            ]
        },
        {
            "Name": "damage\nLeśnica",
            "Style": "Atom",
            "SubActions": null
        },
        {
            "Name": "<goto>\nwróć do zleceniodawcy",
            "Style": null,
            "SubActions": [
                {
                    "Name": "<learn>",
                    "Style": "Dashed",
                    "SubActions": [
                        {
                            "Name": "none",
                            "Style": "Dashed",
                            "SubActions": null
                        }
                    ]
                },
                {
                    "Name": "goto\nPodgaje",
                    "Style": "Atom",
                    "SubActions": null
                }
            ]
        },
        {
            "Name": "report\npowiedz sołtysowi o pokonaniu potwora",
            "Style": "Atom",
            "SubActions": null
        }
    ]
}