{
    "Name": "<Serenity quest>\nCheck on NPC",
    "Style": null,
    "SubActions": [
        {
            "Name": "<goto>\nsyn matki",
            "Style": null,
            "SubActions": [
                {
                    "Name": "<learn>",
                    "Style": null,
                    "SubActions": [
                        {
                            "Name": "<goto>\nkwatermistrz",
                            "Style": null,
                            "SubActions": [
                                {
                                    "Name": "<learn>",
                                    "Style": "Dashed",
                                    "SubActions": [
                                        {
                                            "Name": "none",
                                            "Style": "Dashed",
                                            "SubActions": null
                                        }
                                    ]
                                },
                                {
                                    "Name": "goto\nnamiot kwatermistrza",
                                    "Style": "Atom",
                                    "SubActions": null
                                }
                            ]
                        },
                        {
                            "Name": "<subquest>",
                            "Style": "Dashed",
                            "SubActions": [
                                {
                                    "Name": "none",
                                    "Style": "Dashed",
                                    "SubActions": null
                                }
                            ]
                        },
                        {
                            "Name": "listen\nkwatermistrz mówi Ci gdzie znajdziesz syna",
                            "Style": "Atom",
                            "SubActions": null
                        }
                    ]
                },
                {
                    "Name": "goto las",
                    "Style": "Atom",
                    "SubActions": null
                }
            ]
        },
        {
            "Name": "listen\nznajdź ciało",
            "Style": "Atom",
            "SubActions": null
        },
        {
            "Name": "<goto>\nwróć do matki",
            "Style": null,
            "SubActions": [
                {
                    "Name": "<learn>",
                    "Style": "Dashed",
                    "SubActions": [
                        {
                            "Name": "none\nwiemy gdzie jest matka",
                            "Style": "Dashed",
                            "SubActions": null
                        }
                    ]
                },
                {
                    "Name": "goto",
                    "Style": "Atom",
                    "SubActions": null
                }
            ]
        },
        {
            "Name": "report\nmatce o śmierci syna",
            "Style": "Atom",
            "SubActions": null
        }
    ]
}