{
    "Name": "<Comfort quest>\nKill pests",
    "Style": null,
    "SubActions": [
        {
            "Name": "<goto>\nmglak",
            "Style": null,
            "SubActions": [
                {
                    "Name": "<learn>",
                    "Style": null,
                    "SubActions": [
                        {
                            "Name": "<goto>\ndziwna mgła",
                            "Style": null,
                            "SubActions": [
                                {
                                    "Name": "<learn>",
                                    "Style": "Dashed",
                                    "SubActions": [
                                        {
                                            "Name": "none\nwiemy gdzie jest Dolores",
                                            "Style": "Dashed",
                                            "SubActions": null
                                        }
                                    ]
                                },
                                {
                                    "Name": "goto\ndziwna mgła",
                                    "Style": "Atom",
                                    "SubActions": null
                                }
                            ]
                        },
                        {
                            "Name": "<get>",
                            "Style": "Dashed",
                            "SubActions": [
                                {
                                    "Name": "none",
                                    "Style": "Dashed",
                                    "SubActions": null
                                }
                            ]
                        },
                        {
                            "Name": "read\nzbadaj iluzję przy wejściu do leża",
                            "Style": "Atom",
                            "SubActions": null
                        }
                    ]
                },
                {
                    "Name": "goto\nleże mglaka",
                    "Style": "Atom",
                    "SubActions": null
                }
            ]
        },
        {
            "Name": "damage\npokonaj mglaka",
            "Style": "Atom",
            "SubActions": null
        },
        {
            "Name": "<goto>\nLesław",
            "Style": null,
            "SubActions": [
                {
                    "Name": "<learn>",
                    "Style": "Dashed",
                    "SubActions": [
                        {
                            "Name": "none",
                            "Style": "Dashed",
                            "SubActions": null
                        }
                    ]
                },
                {
                    "Name": "goto Lesław",
                    "Style": "Atom",
                    "SubActions": null
                }
            ]
        },
        {
            "Name": "report\nodbierz nagrodę",
            "Style": "Atom",
            "SubActions": null
        }
    ]
}