{
    "Name": "<Comfort quest>\nobtain luxuries",
    "Style": null,
    "SubActions": [
        {
            "Name": "<get>\nfarby",
            "Style": null,
            "SubActions": [
                {
                    "Name": "<goto>",
                    "Style": null,
                    "SubActions": [
                        {
                            "Name": "explore\nsklepy",
                            "Style": "Atom",
                            "SubActions": null
                        }
                    ]
                },
                {
                    "Name": "<get>\nzłoto",
                    "Style": "Dashed",
                    "SubActions": [
                        {
                            "Name": "none",
                            "Style": "Dashed",
                            "SubActions": null
                        }
                    ]
                },
                {
                    "Name": "<subquest>",
                    "Style": "Dashed",
                    "SubActions": [
                        {
                            "Name": "none",
                            "Style": "Dashed",
                            "SubActions": null
                        }
                    ]
                },
                {
                    "Name": "<goto>",
                    "Style": "Dashed",
                    "SubActions": [
                        {
                            "Name": "none",
                            "Style": "Dashed",
                            "SubActions": null
                        }
                    ]
                },
                {
                    "Name": "exchange\nkup farby",
                    "Style": "Atom",
                    "SubActions": null
                }
            ]
        },
        {
            "Name": "<goto>\nwróć do trolla",
            "Style": null,
            "SubActions": [
                {
                    "Name": "<learn>",
                    "Style": "Dashed",
                    "SubActions": [
                        {
                            "Name": "none",
                            "Style": "Dashed",
                            "SubActions": null
                        }
                    ]
                },
                {
                    "Name": "goto\nobozowisko trolla",
                    "Style": "Atom",
                    "SubActions": null
                }
            ]
        },
        {
            "Name": "give\nfarby",
            "Style": "Atom",
            "SubActions": null
        }
    ]
}