{
    "Name": "<Comfort quest>\nKill pests",
    "Style": null,
    "SubActions": [
        {
            "Name": "<goto>\nekkima",
            "Style": null,
            "SubActions": [
                {
                    "Name": "<learn>\nco się stało we wsi Stegany",
                    "Style": null,
                    "SubActions": [
                        {
                            "Name": "<goto>\njaskinie pod wsią",
                            "Style": null,
                            "SubActions": [
                                {
                                    "Name": "<learn>",
                                    "Style": "Dashed",
                                    "SubActions": [
                                        {
                                            "Name": "none",
                                            "Style": "Dashed",
                                            "SubActions": null
                                        }
                                    ]
                                },
                                {
                                    "Name": "goto\nwieś Stegany",
                                    "Style": "Atom",
                                    "SubActions": null
                                }
                            ]
                        },
                        {
                            "Name": "<Protection quest>\nGuard Entity",
                            "Style": null,
                            "SubActions": [
                                {
                                    "Name": "<goto>\nwieśniacy",
                                    "Style": "Dashed",
                                    "SubActions": [
                                        {
                                            "Name": "none",
                                            "Style": "Dashed",
                                            "SubActions": null
                                        }
                                    ]
                                },
                                {
                                    "Name": "defend\nobroń wieśniaków przed ghulami",
                                    "Style": "Atom",
                                    "SubActions": null
                                }
                            ]
                        },
                        {
                            "Name": "listen\nocaleli wieśniacy\ndowiedz się że coś tu nie gra",
                            "Style": "Atom",
                            "SubActions": null
                        }
                    ]
                },
                {
                    "Name": "goto\njaskinie pod wsią",
                    "Style": "Atom",
                    "SubActions": null
                }
            ]
        },
        {
            "Name": "damage\npokonaj ekkimę",
            "Style": "Atom",
            "SubActions": null
        },
        {
            "Name": "<goto>\ndowódca Nilfgardzkiego patrolu",
            "Style": null,
            "SubActions": [
                {
                    "Name": "<learn>",
                    "Style": "Dashed",
                    "SubActions": [
                        {
                            "Name": "none",
                            "Style": "Dashed",
                            "SubActions": null
                        }
                    ]
                },
                {
                    "Name": "goto\ndowódca Nilfgardzkiego patrolu",
                    "Style": "Atom",
                    "SubActions": null
                }
            ]
        },
        {
            "Name": "report\nodbierz nagrodę",
            "Style": "Atom",
            "SubActions": null
        }
    ]
}