{
    "Name": "<Comfort quest>\nKill pests",
    "Style": null,
    "SubActions": [
        {
            "Name": "<goto>\nlegowisko Wiwerny",
            "Style": null,
            "SubActions": [
                {
                    "Name": "<learn>\nco atakuje kupców na trakcie",
                    "Style": null,
                    "SubActions": [
                        {
                            "Name": "<goto>\nleże wiwerny",
                            "Style": null,
                            "SubActions": [
                                {
                                    "Name": "<learn>\ngdzie jest leże wiwerny",
                                    "Style": null,
                                    "SubActions": [
                                        {
                                            "Name": "<goto>\nzaginiona karawana",
                                            "Style": null,
                                            "SubActions": [
                                                {
                                                    "Name": "<learn>",
                                                    "Style": "Dashed",
                                                    "SubActions": [
                                                        {
                                                            "Name": "none",
                                                            "Style": "Dashed",
                                                            "SubActions": null
                                                        }
                                                    ]
                                                },
                                                {
                                                    "Name": "goto\nmiejsce ataku wiwerny",
                                                    "Style": "Atom",
                                                    "SubActions": null
                                                }
                                            ]
                                        },
                                        {
                                            "Name": "<get>",
                                            "Style": "Dashed",
                                            "SubActions": [
                                                {
                                                    "Name": "none",
                                                    "Style": "Dashed",
                                                    "SubActions": null
                                                }
                                            ]
                                        },
                                        {
                                            "Name": "read\nzapach (trop)",
                                            "Style": "Atom",
                                            "SubActions": null
                                        }
                                    ]
                                },
                                {
                                    "Name": "goto\nleże wiwerny po zapachu",
                                    "Style": "Atom",
                                    "SubActions": null
                                }
                            ]
                        },
                        {
                            "Name": "<get>",
                            "Style": "Dashed",
                            "SubActions": [
                                {
                                    "Name": "none",
                                    "Style": "Dashed",
                                    "SubActions": null
                                }
                            ]
                        },
                        {
                            "Name": "read\npoznaj sposób na przywołanie wiwerny",
                            "Style": "Atom",
                            "SubActions": null
                        }
                    ]
                },
                {
                    "Name": "goto\npoczekaj aż przyleci wiwerna",
                    "Style": "Atom",
                    "SubActions": null
                }
            ]
        },
        {
            "Name": "damage\npokonaj królewską wiwernę",
            "Style": "Atom",
            "SubActions": null
        },
        {
            "Name": "<goto>\ndowódca Nilfgardzkiego patrolu",
            "Style": null,
            "SubActions": [
                {
                    "Name": "<learn>",
                    "Style": "Dashed",
                    "SubActions": [
                        {
                            "Name": "none",
                            "Style": "Dashed",
                            "SubActions": null
                        }
                    ]
                },
                {
                    "Name": "goto\nzleceniodawce",
                    "Style": "Atom",
                    "SubActions": null
                }
            ]
        },
        {
            "Name": "report\nodbierz nagrodę",
            "Style": "Atom",
            "SubActions": null
        }
    ]
}