{
    "Name": "<Comfort quest>\nobtain luxuries",
    "Style": null,
    "SubActions": [
        {
            "Name": "<get-many>",
            "Style": null,
            "SubActions": [
                {
                    "Name": "<get>\nnarzędzia płatnerskie",
                    "Style": null,
                    "SubActions": [
                        {
                            "Name": "<steal>\nnarzędzia płatnerskie",
                            "Style": "Dashed",
                            "SubActions": [
                                {
                                    "Name": "<goto>\nkuźnia klanu Torddaroh",
                                    "Style": null,
                                    "SubActions": [
                                        {
                                            "Name": "<learn>",
                                            "Style": "Dashed",
                                            "SubActions": [
                                                {
                                                    "Name": "none",
                                                    "Style": "Dashed",
                                                    "SubActions": null
                                                }
                                            ]
                                        },
                                        {
                                            "Name": "goto jaskinia",
                                            "Style": "Atom",
                                            "SubActions": null
                                        }
                                    ]
                                },
                                {
                                    "Name": "<kill>\ntroll",
                                    "Style": null,
                                    "SubActions": [
                                        {
                                            "Name": "<goto>",
                                            "Style": "Dashed",
                                            "SubActions": [
                                                {
                                                    "Name": "none",
                                                    "Style": "Dashed",
                                                    "SubActions": null
                                                }
                                            ]
                                        },
                                        {
                                            "Name": "kill\ntroll",
                                            "Style": "Atom",
                                            "SubActions": null
                                        }
                                    ]
                                },
                                {
                                    "Name": "take\nnarzędzia płatnerskie",
                                    "Style": "Atom",
                                    "SubActions": null
                                }
                            ]
                        }
                    ]
                },
                {
                    "Name": "<get>\ngruczoł kwasowy",
                    "Style": null,
                    "SubActions": [
                        {
                            "Name": "<steal>\ngruczoł kwasowy gryfa",
                            "Style": "Dashed",
                            "SubActions": [
                                {
                                    "Name": "<goto>\ngryf",
                                    "Style": null,
                                    "SubActions": [
                                        {
                                            "Name": "explore świat gry",
                                            "Style": "Atom",
                                            "SubActions": null
                                        }
                                    ]
                                },
                                {
                                    "Name": "<kill>\ngryf",
                                    "Style": null,
                                    "SubActions": [
                                        {
                                            "Name": "<goto>",
                                            "Style": "Dashed",
                                            "SubActions": [
                                                {
                                                    "Name": "none",
                                                    "Style": "Dashed",
                                                    "SubActions": null
                                                }
                                            ]
                                        },
                                        {
                                            "Name": "kill\ngryf",
                                            "Style": "Atom",
                                            "SubActions": null
                                        }
                                    ]
                                },
                                {
                                    "Name": "take\ngruczoł jadowy",
                                    "Style": "Atom",
                                    "SubActions": null
                                }
                            ]
                        }
                    ]
                }
            ]
        },
        {
            "Name": "<goto>\nkowale",
            "Style": null,
            "SubActions": [
                {
                    "Name": "<learn>",
                    "Style": "Dashed",
                    "SubActions": [
                        {
                            "Name": "none",
                            "Style": "Dashed",
                            "SubActions": null
                        }
                    ]
                },
                {
                    "Name": "goto kuźnia we Wrońcach",
                    "Style": "Atom",
                    "SubActions": null
                }
            ]
        },
        {
            "Name": "give narzędzia kowalskie i gruczoł kwasowy",
            "Style": "Atom",
            "SubActions": null
        }
    ]
}