{
    "Name": "<Comfort quest>\nKill pests",
    "Style": null,
    "SubActions": [
        {
            "Name": "<goto>\narchegryf",
            "Style": null,
            "SubActions": [
                {
                    "Name": "<learn>\npołożenie gryfa",
                    "Style": null,
                    "SubActions": [
                        {
                            "Name": "<goto>\nwzgórza",
                            "Style": null,
                            "SubActions": [
                                {
                                    "Name": "explore\nwzgórza",
                                    "Style": "Atom",
                                    "SubActions": null
                                    
                                }
                            ]
                        },
                        {
                            "Name": "<get>",
                            "Style": "Dashed",
                            "SubActions": [
                                {
                                    "Name": "none",
                                    "Style": "Dashed",
                                    "SubActions": null
                                }
                            ]
                        },
                        {
                            "Name": "read\nślady gryfa (gryf odleciał na północ)",
                            "Style": "Atom",
                            "SubActions": null
                        }
                    ]
                },
                {
                    "Name": "goto\npółnoc",
                    "Style": "Atom",
                    "SubActions": null
                }
            ]
        },
        {
            "Name": "damage\npokonaj archegryfa",
            "Style": "Atom",
            "SubActions": null
        },
        {
            "Name": "<goto>\nkwatermistrz",
            "Style": null,
            "SubActions": [
                {
                    "Name": "<learn>",
                    "Style": "Dashed",
                    "SubActions": [
                        {
                            "Name": "none",
                            "Style": "Dashed",
                            "SubActions": null
                        }
                    ]
                },
                {
                    "Name": "goto\nkwatermistrz",
                    "Style": "Atom",
                    "SubActions": null
                }
            ]
        },
        {
            "Name": "report\nodbierz nagrodę",
            "Style": "Atom",
            "SubActions": null
        }
    ]
}