{
    "Name": "<Wealth>\ngather raw materials",
    "Style": null,
    "SubActions": [
        {
            "Name": "<goto>\nkryjówka Gaetana",
            "Style": null,
            "SubActions": [
                {
                    "Name": "<learn>",
                    "Style": "Dashed",
                    "SubActions": [
                        {
                            "Name": "none\nGaetan powiedział gdzie jest jego kryjówka",
                            "Style": "Dashed",
                            "SubActions": null
                        }
                    ]
                },
                {
                    "Name": "goto\nkryjówka Gaetana",
                    "Style": "Atom",
                    "SubActions": null
                }
            ]
        },
        {
            "Name": "<get>\nzawartość skrytki Gaetana",
            "Style": null,
            "SubActions": [
                {
                    "Name": "<goto>",
                    "Style": "Dashed",
                    "SubActions": [
                        {
                            "Name": "none",
                            "Style": "Dashed",
                            "SubActions": null
                        }
                    ]
                },
                {
                    "Name": "gather\nzawartość skrytki",
                    "Style": "Atom",
                    "SubActions": null
                }
            ]
        }
    ]
}