{
    "Name": "<Comfort quest>\nKill pests",
    "Style": null,
    "SubActions": [
        {
            "Name": "<goto>\nkrabopająk",
            "Style": null,
            "SubActions": [
                {
                    "Name": "<learn>\njak zwabić krabopająka",
                    "Style": null,
                    "SubActions": [
                        {
                            "Name": "<goto>\nkopalnia",
                            "Style": null,
                            "SubActions": [
                                {
                                    "Name": "<learn>",
                                    "Style": "Dashed",
                                    "SubActions": [
                                        {
                                            "Name": "none",
                                            "Style": "Dashed",
                                            "SubActions": null
                                        }
                                    ]
                                },
                                {
                                    "Name": "goto\nkopalnia",
                                    "Style": "Atom",
                                    "SubActions": null
                                }
                            ]
                        },
                        {
                            "Name": "<get>\njaja krabopająka",
                            "Style": "Dashed",
                            "SubActions": [
                                {
                                    "Name": "none",
                                    "Style": "Dashed",
                                    "SubActions": null
                                }
                            ]
                        },
                        {
                            "Name": "read\nzniszczenie jaj przywoła krabopająka",
                            "Style": "Atom",
                            "SubActions": null
                        }
                    ]
                },
                {
                    "Name": "goto\nkrabopająk (zwabiamy krabopająka)",
                    "Style": "Atom",
                    "SubActions": null
                }
            ]
        },
        {
            "Name": "damage\npokonaj krabopająka",
            "Style": "Atom",
            "SubActions": null
        },
        {
            "Name": "<goto>\nBruno",
            "Style": null,
            "SubActions": [
                {
                    "Name": "<learn>",
                    "Style": "Dashed",
                    "SubActions": [
                        {
                            "Name": "none",
                            "Style": "Dashed",
                            "SubActions": null
                        }
                    ]
                },
                {
                    "Name": "goto\nBruno",
                    "Style": "Atom",
                    "SubActions": null
                }
            ]
        },
        {
            "Name": "report\nodbierz nagrodę",
            "Style": "Atom",
            "SubActions": null
        }
    ]
}